Frame,Visibility,X,Y,Hit,Hit_position_x,Hit_position_y,Top_x,Top_y,Bot_x,Bot_y,Top_box_lefttop,Top_box_rightbot,Bot_box_lefttop,Bot_box_rightbot
0,1,601,586,Top,465,646,187,237,135,388,"[115, 169]","[131, 204]","[339, 174]","[359, 263]"
1,1,639,534,0,0,0,82,282,148,386,"[112, 169]","[133, 231]","[339, 175]","[359, 258]"
2,1,682,491,0,0,0,79,283,143,387,"[111, 168]","[134, 232]","[339, 176]","[360, 260]"
3,1,718,453,0,0,0,85,280,149,387,"[110, 170]","[134, 230]","[341, 180]","[362, 258]"
4,1,758,428,0,0,0,82,282,150,387,"[110, 170]","[134, 231]","[341, 179]","[364, 258]"
5,1,803,407,0,0,0,81,281,144,388,"[109, 170]","[134, 231]","[341, 179]","[364, 260]"
6,1,829,403,0,0,0,82,282,142,388,"[112, 169]","[134, 231]","[341, 178]","[364, 261]"
7,1,864,403,0,0,0,83,282,141,388,"[114, 169]","[134, 231]","[341, 178]","[362, 261]"
8,1,894,411,0,0,0,86,281,132,388,"[115, 168]","[134, 230]","[338, 175]","[361, 264]"
9,1,924,428,0,0,0,81,284,140,387,"[115, 168]","[135, 232]","[337, 178]","[360, 261]"
10,1,950,449,0,0,0,84,283,139,387,"[115, 166]","[135, 231]","[335, 179]","[359, 261]"
11,1,977,479,0,0,0,178,241,139,385,"[116, 171]","[132, 206]","[330, 183]","[356, 260]"
12,1,1003,513,0,0,0,180,242,141,384,"[118, 169]","[133, 206]","[326, 185]","[355, 259]"
13,1,1024,557,0,0,0,0,0,133,383,"[0, 0]","[0, 0]","[320, 183]","[353, 261]"
14,1,1047,599,0,0,0,0,0,123,383,"[0, 0]","[0, 0]","[314, 180]","[350, 264]"
15,1,1064,650,Bot,1251,829,0,0,128,382,"[0, 0]","[0, 0]","[314, 186]","[348, 262]"
16,1,989,523,0,0,0,0,0,117,383,"[0, 0]","[0, 0]","[309, 187]","[349, 266]"
17,1,914,438,0,0,0,0,0,111,383,"[0, 0]","[0, 0]","[304, 186]","[352, 268]"
18,1,839,392,0,0,0,0,0,113,381,"[0, 0]","[0, 0]","[302, 183]","[346, 266]"
19,1,799,358,0,0,0,0,0,115,380,"[0, 0]","[0, 0]","[301, 181]","[341, 264]"
20,1,773,342,0,0,0,91,284,118,379,"[120, 171]","[142, 230]","[300, 179]","[336, 263]"
21,1,748,327,0,0,0,86,287,116,379,"[121, 170]","[142, 232]","[302, 176]","[337, 264]"
22,1,729,325,0,0,0,89,286,116,379,"[121, 172]","[142, 231]","[304, 175]","[335, 264]"
23,1,714,329,0,0,0,93,285,114,380,"[123, 172]","[143, 230]","[305, 176]","[336, 265]"
24,1,699,335,0,0,0,82,291,112,381,"[126, 170]","[145, 234]","[305, 175]","[336, 266]"
25,1,688,348,0,0,0,90,290,117,380,"[128, 169]","[147, 232]","[306, 178]","[336, 264]"
26,1,676,365,0,0,0,95,290,114,382,"[132, 168]","[149, 231]","[309, 178]","[339, 266]"
27,1,667,386,0,0,0,0,0,114,382,"[0, 0]","[0, 0]","[309, 176]","[341, 266]"
28,1,663,407,0,0,0,0,0,113,383,"[0, 0]","[0, 0]","[312, 173]","[342, 267]"
29,1,659,432,0,0,0,0,0,114,384,"[0, 0]","[0, 0]","[316, 171]","[343, 267]"
30,1,656,462,Bot,1251,836,0,0,123,383,"[0, 0]","[0, 0]","[318, 176]","[344, 264]"
31,1,701,440,0,0,0,0,0,116,385,"[0, 0]","[0, 0]","[319, 176]","[347, 267]"
32,1,746,420,0,0,0,0,0,130,383,"[0, 0]","[0, 0]","[320, 180]","[351, 262]"
33,1,803,373,0,0,0,0,0,133,383,"[0, 0]","[0, 0]","[321, 181]","[352, 261]"
34,1,854,339,0,0,0,0,0,142,383,"[0, 0]","[0, 0]","[323, 184]","[354, 258]"
35,1,905,314,0,0,0,0,0,148,382,"[0, 0]","[0, 0]","[324, 180]","[354, 256]"
36,1,947,293,0,0,0,0,0,137,384,"[0, 0]","[0, 0]","[325, 178]","[354, 260]"
37,1,992,285,0,0,0,0,0,135,384,"[0, 0]","[0, 0]","[325, 177]","[355, 261]"
38,1,1032,285,0,0,0,0,0,135,384,"[0, 0]","[0, 0]","[325, 175]","[355, 261]"
39,1,1068,287,0,0,0,0,0,140,384,"[0, 0]","[0, 0]","[325, 176]","[355, 259]"
40,1,1104,301,0,0,0,0,0,148,382,"[0, 0]","[0, 0]","[325, 176]","[354, 256]"
41,1,1138,318,0,0,0,0,0,147,382,"[0, 0]","[0, 0]","[323, 176]","[353, 256]"
42,1,1170,344,Bot,1276,810,0,0,147,382,"[0, 0]","[0, 0]","[323, 177]","[352, 256]"
43,1,1100,332,0,0,0,0,0,147,382,"[0, 0]","[0, 0]","[323, 176]","[351, 256]"
44,1,1031,346,0,0,0,0,0,142,383,"[0, 0]","[0, 0]","[325, 174]","[352, 258]"
45,1,962,360,0,0,0,0,0,148,382,"[0, 0]","[0, 0]","[325, 178]","[353, 256]"
46,1,893,372,0,0,0,216,251,148,382,"[143, 160]","[157, 203]","[325, 178]","[352, 256]"
47,1,824,401,0,0,0,232,244,145,383,"[142, 161]","[158, 200]","[325, 179]","[353, 257]"
48,1,726,399,0,0,0,215,250,143,383,"[142, 160]","[156, 203]","[325, 181]","[355, 258]"
49,1,654,401,0,0,0,215,250,146,383,"[141, 165]","[157, 203]","[325, 183]","[356, 257]"
50,1,597,405,0,0,0,221,248,141,384,"[140, 169]","[158, 202]","[326, 182]","[357, 259]"
51,1,542,424,0,0,0,220,247,135,386,"[139, 171]","[157, 202]","[328, 180]","[361, 262]"
52,1,499,441,0,0,0,214,245,136,387,"[135, 170]","[153, 202]","[332, 179]","[361, 262]"
53,1,461,464,0,0,0,209,244,137,387,"[131, 169]","[149, 202]","[336, 177]","[361, 262]"
54,1,429,487,0,0,0,204,243,147,387,"[128, 169]","[145, 203]","[340, 178]","[364, 259]"
55,1,402,517,0,0,0,200,240,147,388,"[123, 172]","[140, 203]","[341, 177]","[365, 259]"
56,1,381,546,0,0,0,0,0,148,388,"[0, 0]","[0, 0]","[342, 178]","[367, 259]"
57,1,355,595,0,0,0,0,0,146,389,"[0, 0]","[0, 0]","[342, 176]","[368, 260]"
58,1,347,620,Top,0,0,0,0,140,389,"[0, 0]","[0, 0]","[342, 176]","[368, 262]"
59,1,396,553,0,0,0,0,0,142,389,"[0, 0]","[0, 0]","[339, 176]","[368, 261]"
60,1,446,487,0,0,0,0,0,139,389,"[0, 0]","[0, 0]","[340, 177]","[366, 262]"
61,1,485,445,0,0,0,100,255,139,388,"[91, 184]","[109, 220]","[339, 177]","[365, 262]"
62,1,521,411,0,0,0,104,249,132,388,"[88, 179]","[105, 218]","[339, 178]","[360, 264]"
63,1,555,388,0,0,0,109,244,132,388,"[85, 175]","[101, 216]","[334, 176]","[362, 264]"
64,1,591,373,0,0,0,59,268,128,388,"[83, 171]","[102, 231]","[329, 179]","[364, 265]"
65,1,625,369,0,0,0,55,269,143,385,"[82, 171]","[100, 232]","[327, 186]","[364, 259]"
66,1,654,371,0,0,0,136,224,125,388,"[79, 170]","[94, 208]","[326, 187]","[363, 266]"
67,1,686,384,0,0,0,138,220,119,386,"[77, 172]","[92, 207]","[319, 187]","[356, 267]"
68,1,718,407,0,0,0,55,262,113,384,"[73, 169]","[94, 230]","[313, 188]","[349, 268]"
69,1,746,432,0,0,0,47,267,114,383,"[74, 168]","[93, 233]","[312, 187]","[344, 267]"
70,1,788,489,0,0,0,53,264,90,383,"[73, 169]","[96, 231]","[302, 186]","[333, 275]"
71,1,814,538,0,0,0,60,262,81,383,"[73, 170]","[98, 229]","[296, 185]","[330, 278]"
72,1,837,591,0,0,0,55,266,84,381,"[74, 170]","[101, 231]","[286, 190]","[333, 276]"
73,1,864,643,0,0,0,59,265,62,382,"[76, 168]","[100, 230]","[272, 187]","[333, 285]"
74,1,886,713,Bot,1113,921,54,268,47,382,"[78, 167]","[101, 232]","[263, 191]","[326, 291]"
75,1,839,709,0,0,0,55,269,35,380,"[80, 167]","[101, 232]","[249, 201]","[314, 294]"
76,1,744,633,0,0,0,64,265,38,379,"[80, 168]","[103, 229]","[256, 210]","[304, 292]"
77,1,676,582,0,0,0,64,265,46,375,"[80, 168]","[103, 229]","[259, 213]","[292, 286]"
78,1,625,548,0,0,0,61,266,42,376,"[80, 169]","[102, 230]","[260, 213]","[288, 288]"
79,1,584,527,0,0,0,64,265,46,375,"[78, 171]","[104, 229]","[261, 210]","[288, 286]"
80,1,548,519,0,0,0,61,266,37,377,"[80, 170]","[103, 230]","[261, 205]","[289, 291]"
81,1,518,521,0,0,0,62,267,44,377,"[81, 170]","[104, 230]","[265, 202]","[291, 288]"
82,1,495,525,0,0,0,69,264,45,377,"[81, 171]","[105, 228]","[266, 202]","[294, 288]"
83,1,470,542,0,0,0,70,265,0,0,"[81, 172]","[108, 228]","[0, 0]","[0, 0]"
84,1,457,561,0,0,0,71,267,0,0,"[83, 174]","[113, 228]","[0, 0]","[0, 0]"
85,1,448,582,0,0,0,72,270,0,0,"[86, 176]","[118, 229]","[0, 0]","[0, 0]"
86,1,438,612,Top,387,722,76,268,0,0,"[87, 176]","[118, 228]","[0, 0]","[0, 0]"
87,1,470,578,0,0,0,54,280,54,382,"[88, 179]","[121, 236]","[280, 200]","[314, 288]"
88,1,502,546,0,0,0,76,272,59,382,"[94, 175]","[120, 229]","[287, 188]","[312, 286]"
89,1,508,589,Top,412,728,75,274,63,381,"[98, 172]","[120, 230]","[287, 188]","[314, 284]"
90,1,620,392,0,0,0,70,278,60,384,"[101, 169]","[120, 232]","[292, 192]","[322, 287]"
91,1,669,337,0,0,0,85,274,55,387,"[102, 170]","[126, 228]","[292, 186]","[332, 291]"
92,1,718,297,0,0,0,82,275,56,387,"[104, 168]","[124, 229]","[293, 191]","[335, 291]"
93,1,763,263,0,0,0,79,277,59,387,"[104, 170]","[126, 230]","[293, 191]","[337, 290]"
94,1,805,242,0,0,0,80,277,60,388,"[104, 170]","[127, 230]","[296, 190]","[338, 290]"
95,1,848,232,0,0,0,75,281,55,389,"[106, 169]","[128, 232]","[296, 186]","[342, 293]"
96,1,901,225,0,0,0,79,280,62,389,"[106, 171]","[130, 231]","[304, 182]","[338, 290]"
97,1,943,236,0,0,0,76,282,64,389,"[108, 171]","[130, 232]","[303, 181]","[340, 289]"
98,1,977,253,0,0,0,80,281,68,388,"[109, 170]","[132, 231]","[303, 181]","[341, 287]"
99,1,1009,276,0,0,0,75,284,67,388,"[109, 168]","[133, 233]","[300, 179]","[343, 287]"
100,1,1039,308,0,0,0,179,236,69,386,"[110, 171]","[128, 205]","[296, 179]","[338, 285]"
101,1,1071,350,0,0,0,179,236,70,385,"[110, 172]","[128, 205]","[293, 181]","[337, 284]"
102,1,1096,388,0,0,0,180,237,72,385,"[112, 172]","[129, 205]","[292, 181]","[338, 283]"
103,1,1123,439,0,0,0,180,237,72,385,"[112, 172]","[129, 205]","[291, 179]","[337, 283]"
104,1,1145,498,Bot,1181,896,80,284,71,384,"[114, 167]","[133, 232]","[292, 177]","[333, 283]"
105,1,1042,423,0,0,0,80,284,72,384,"[115, 166]","[132, 232]","[294, 180]","[329, 282]"
106,1,939,348,0,0,0,83,282,70,384,"[115, 166]","[133, 231]","[294, 182]","[329, 283]"
107,1,862,299,0,0,0,176,240,72,384,"[113, 171]","[130, 206]","[290, 182]","[333, 282]"
108,1,805,268,0,0,0,84,283,78,383,"[116, 168]","[134, 231]","[291, 185]","[332, 279]"
109,1,731,238,0,0,0,81,284,80,382,"[116, 169]","[134, 232]","[290, 184]","[333, 278]"
110,1,695,234,0,0,0,81,284,81,383,"[116, 168]","[135, 232]","[290, 181]","[334, 278]"
111,1,663,234,0,0,0,193,235,81,383,"[116, 171]","[132, 203]","[290, 180]","[334, 278]"
112,1,639,244,0,0,0,85,283,81,383,"[116, 168]","[136, 231]","[291, 180]","[333, 278]"
113,1,616,259,0,0,0,85,284,89,381,"[117, 166]","[137, 231]","[294, 181]","[331, 274]"
114,1,597,276,0,0,0,88,283,90,381,"[118, 167]","[138, 230]","[291, 179]","[336, 274]"
115,1,582,297,0,0,0,91,283,88,382,"[119, 168]","[140, 229]","[291, 179]","[337, 275]"
116,1,569,323,0,0,0,94,283,88,382,"[120, 169]","[142, 229]","[292, 178]","[336, 275]"
117,1,559,350,0,0,0,134,266,84,383,"[121, 168]","[140, 219]","[293, 178]","[337, 277]"
118,1,552,386,0,0,0,174,249,96,383,"[122, 167]","[139, 209]","[298, 181]","[342, 273]"
119,1,546,418,0,0,0,215,232,97,384,"[123, 167]","[138, 200]","[305, 179]","[342, 273]"
120,1,544,449,Top,496,634,213,234,100,384,"[123, 167]","[139, 200]","[309, 178]","[340, 272]"
121,1,589,434,0,0,0,211,236,109,384,"[124, 167]","[140, 201]","[314, 175]","[341, 269]"
122,1,679,372,0,0,0,101,283,120,383,"[125, 166]","[145, 228]","[316, 178]","[344, 265]"
123,1,769,312,0,0,0,98,285,118,384,"[126, 165]","[145, 229]","[318, 180]","[347, 266]"
124,1,827,285,0,0,0,105,283,125,384,"[126, 164]","[147, 227]","[319, 181]","[352, 264]"
125,1,886,259,0,0,0,201,240,132,384,"[123, 166]","[142, 203]","[320, 183]","[357, 262]"
126,1,941,247,0,0,0,201,240,121,387,"[124, 165]","[142, 203]","[324, 182]","[359, 267]"
127,1,986,242,0,0,0,202,241,124,387,"[125, 165]","[142, 203]","[326, 181]","[361, 266]"
128,1,1032,247,0,0,0,207,239,123,388,"[125, 165]","[142, 202]","[328, 178]","[363, 267]"
129,1,1073,255,0,0,0,208,239,126,388,"[126, 165]","[143, 202]","[329, 178]","[363, 266]"
130,1,1113,274,0,0,0,199,245,136,387,"[128, 164]","[145, 204]","[330, 177]","[363, 262]"
131,1,1153,295,0,0,0,205,243,141,386,"[129, 163]","[145, 203]","[331, 175]","[363, 260]"
132,1,1189,325,0,0,0,222,237,147,385,"[130, 164]","[146, 200]","[333, 170]","[361, 258]"
133,1,1223,361,0,0,0,222,237,147,386,"[130, 164]","[147, 200]","[336, 167]","[360, 258]"
134,1,1251,403,0,0,0,211,242,143,387,"[131, 163]","[146, 202]","[337, 169]","[361, 260]"
135,1,1291,470,Bot,1329,820,211,242,147,387,"[131, 164]","[146, 202]","[338, 174]","[365, 259]"
136,1,1151,351,0,0,0,211,242,149,387,"[131, 164]","[146, 202]","[339, 179]","[364, 258]"
137,1,1012,295,0,0,0,217,240,141,388,"[131, 162]","[146, 201]","[338, 179]","[364, 261]"
138,1,873,297,0,0,0,227,235,133,389,"[130, 164]","[146, 199]","[339, 177]","[363, 264]"
139,1,807,276,0,0,0,216,239,136,388,"[129, 165]","[146, 201]","[340, 177]","[362, 263]"
140,1,750,270,0,0,0,210,241,133,389,"[128, 166]","[146, 202]","[340, 175]","[361, 264]"
141,1,703,266,0,0,0,204,243,141,388,"[128, 167]","[145, 203]","[341, 176]","[363, 261]"
142,1,667,270,0,0,0,198,244,151,388,"[127, 166]","[144, 204]","[344, 179]","[364, 258]"
143,1,631,278,0,0,0,103,285,148,388,"[128, 165]","[148, 228]","[344, 179]","[366, 259]"
144,1,605,293,0,0,0,206,238,141,389,"[125, 165]","[141, 202]","[343, 180]","[368, 262]"
145,1,580,310,0,0,0,0,0,137,391,"[0, 0]","[0, 0]","[343, 179]","[372, 264]"
146,1,561,333,0,0,0,0,0,133,392,"[0, 0]","[0, 0]","[345, 178]","[376, 266]"
147,1,544,361,0,0,0,0,0,127,394,"[0, 0]","[0, 0]","[346, 175]","[379, 269]"
148,1,525,403,0,0,0,222,231,116,396,"[125, 161]","[140, 199]","[348, 168]","[382, 274]"
149,1,516,430,Top,499,630,222,231,124,395,"[124, 163]","[140, 199]","[349, 176]","[383, 271]"
150,1,610,361,0,0,0,205,237,130,395,"[123, 164]","[140, 202]","[352, 172]","[385, 269]"
151,1,678,316,0,0,0,210,235,131,396,"[123, 166]","[140, 201]","[353, 172]","[387, 269]"
152,1,743,285,0,0,0,199,239,133,395,"[123, 164]","[138, 203]","[353, 172]","[386, 268]"
153,1,801,261,0,0,0,234,220,133,395,"[118, 164]","[135, 196]","[353, 172]","[386, 268]"
154,1,860,244,0,0,0,222,225,133,395,"[118, 165]","[135, 198]","[353, 173]","[386, 268]"
155,1,907,238,0,0,0,222,225,135,395,"[118, 164]","[134, 198]","[351, 173]","[387, 267]"
156,1,954,238,0,0,0,221,225,132,395,"[117, 164]","[134, 198]","[349, 172]","[386, 268]"
157,1,1000,247,0,0,0,205,232,122,396,"[117, 165]","[134, 201]","[345, 169]","[388, 272]"
158,1,1039,259,0,0,0,189,238,124,395,"[117, 164]","[133, 204]","[344, 169]","[388, 271]"
159,1,1081,280,0,0,0,189,238,127,394,"[117, 164]","[133, 204]","[340, 169]","[386, 269]"
160,1,1115,308,0,0,0,183,239,132,392,"[116, 165]","[132, 205]","[334, 172]","[384, 266]"
161,1,1166,356,0,0,0,188,237,131,391,"[115, 168]","[132, 204]","[332, 176]","[381, 266]"
162,1,1196,401,0,0,0,183,239,141,388,"[115, 166]","[132, 205]","[334, 181]","[367, 261]"
163,1,1225,445,0,0,0,186,236,131,388,"[113, 167]","[131, 204]","[331, 179]","[364, 264]"
164,1,1249,496,Bot,1306,839,191,234,128,388,"[113, 167]","[131, 203]","[331, 175]","[360, 265]"
165,1,1117,402,0,0,0,190,233,135,386,"[111, 169]","[131, 203]","[328, 180]","[361, 262]"
166,1,985,357,0,0,0,179,237,128,386,"[111, 169]","[128, 205]","[326, 179]","[358, 264]"
167,1,854,344,0,0,0,173,238,136,385,"[109, 170]","[127, 206]","[326, 182]","[356, 261]"
168,1,771,323,0,0,0,172,237,138,384,"[108, 170]","[126, 206]","[326, 182]","[354, 260]"
169,1,705,306,0,0,0,181,233,143,383,"[107, 170]","[126, 204]","[326, 181]","[353, 258]"
170,1,648,301,0,0,0,176,235,143,383,"[107, 170]","[125, 205]","[328, 180]","[352, 258]"
171,1,599,306,0,0,0,176,235,140,384,"[107, 170]","[125, 205]","[327, 180]","[352, 259]"
172,1,559,312,0,0,0,180,232,140,384,"[105, 170]","[124, 204]","[327, 180]","[352, 259]"
173,1,525,327,0,0,0,0,0,137,384,"[0, 0]","[0, 0]","[326, 180]","[352, 260]"
174,1,484,354,0,0,0,0,0,140,384,"[0, 0]","[0, 0]","[326, 181]","[353, 259]"
175,1,461,377,0,0,0,0,0,148,382,"[0, 0]","[0, 0]","[325, 183]","[354, 256]"
176,1,440,407,0,0,0,185,224,146,383,"[101, 169]","[118, 202]","[326, 183]","[354, 257]"
177,1,425,438,0,0,0,174,228,141,384,"[100, 169]","[117, 204]","[326, 182]","[357, 259]"
178,1,410,470,Top,406,646,173,227,144,384,"[98, 169]","[117, 204]","[327, 181]","[358, 258]"
179,1,474,432,0,0,0,172,227,140,386,"[96, 171]","[117, 204]","[331, 181]","[359, 260]"
180,1,541,388,0,0,0,171,226,133,387,"[96, 172]","[115, 204]","[332, 176]","[360, 263]"
181,1,608,346,0,0,0,162,231,136,387,"[96, 172]","[116, 206]","[332, 175]","[361, 262]"
182,1,667,318,0,0,0,156,232,134,387,"[95, 171]","[114, 207]","[334, 173]","[361, 263]"
183,1,726,301,0,0,0,84,267,132,388,"[94, 167]","[116, 226]","[337, 172]","[360, 264]"
184,1,773,293,0,0,0,83,266,132,388,"[93, 168]","[115, 226]","[340, 170]","[359, 264]"
185,1,819,296,0,0,0,155,231,135,388,"[93, 170]","[113, 207]","[340, 171]","[359, 263]"
186,1,865,301,0,0,0,76,268,143,387,"[90, 169]","[114, 228]","[341, 171]","[359, 260]"
187,1,926,325,0,0,0,79,267,142,387,"[89, 171]","[116, 227]","[338, 175]","[359, 260]"
188,1,968,352,0,0,0,78,266,145,386,"[89, 169]","[113, 227]","[337, 178]","[360, 259]"
189,1,1002,382,0,0,0,78,266,145,386,"[90, 170]","[113, 227]","[335, 179]","[361, 259]"
190,1,1037,422,0,0,0,112,248,147,385,"[90, 169]","[110, 217]","[333, 181]","[361, 258]"
191,1,1070,466,0,0,0,147,231,149,385,"[91, 169]","[108, 208]","[331, 181]","[360, 257]"
192,1,1102,517,0,0,0,109,250,154,384,"[90, 168]","[110, 218]","[330, 181]","[360, 255]"
193,1,1126,567,Bot,1298,807,71,269,153,383,"[89, 168]","[112, 229]","[329, 181]","[358, 255]"
194,1,1031,489,0,0,0,78,266,143,383,"[90, 168]","[111, 227]","[326, 181]","[355, 258]"
195,1,937,411,0,0,0,148,232,137,384,"[92, 169]","[108, 208]","[325, 182]","[354, 260]"
196,1,873,361,0,0,0,75,268,131,384,"[90, 169]","[112, 228]","[322, 179]","[352, 262]"
197,1,822,327,0,0,0,75,268,127,384,"[90, 169]","[112, 228]","[322, 179]","[349, 263]"
198,1,780,306,0,0,0,72,269,121,384,"[91, 169]","[112, 229]","[322, 176]","[345, 265]"
199,1,744,295,0,0,0,74,270,126,383,"[92, 171]","[115, 229]","[322, 177]","[343, 263]"
200,1,707,291,0,0,0,81,268,115,384,"[95, 170]","[116, 227]","[321, 174]","[342, 267]"
201,1,686,298,0,0,0,74,274,113,384,"[98, 170]","[118, 230]","[319, 173]","[343, 268]"
202,1,666,312,0,0,0,75,275,117,383,"[100, 168]","[119, 230]","[319, 176]","[342, 266]"
203,1,646,327,0,0,0,166,233,118,384,"[102, 170]","[117, 206]","[321, 177]","[342, 266]"
204,1,629,350,0,0,0,126,253,111,385,"[103, 169]","[121, 217]","[319, 176]","[344, 269]"
205,1,620,375,0,0,0,86,274,110,385,"[104, 168]","[126, 228]","[315, 175]","[346, 269]"
206,1,605,405,0,0,0,169,240,115,384,"[110, 171]","[127, 207]","[315, 176]","[347, 267]"
207,1,601,434,0,0,0,171,241,105,386,"[113, 170]","[129, 207]","[319, 175]","[347, 272]"
208,1,595,466,0,0,0,174,243,121,384,"[116, 170]","[132, 207]","[319, 177]","[348, 265]"
209,1,591,502,0,0,0,186,241,127,385,"[119, 170]","[136, 205]","[325, 181]","[352, 264]"
210,1,591,538,Top,495,642,199,239,127,385,"[122, 170]","[140, 203]","[325, 183]","[354, 264]"
211,1,671,475,0,0,0,190,244,121,387,"[124, 169]","[139, 205]","[325, 181]","[358, 267]"
212,1,737,428,0,0,0,188,248,121,387,"[127, 170]","[143, 206]","[325, 181]","[359, 267]"
213,1,814,386,0,0,0,194,247,129,387,"[128, 168]","[145, 205]","[328, 181]","[360, 264]"
214,1,865,365,0,0,0,205,243,128,388,"[129, 165]","[145, 203]","[330, 180]","[361, 265]"
215,1,916,348,0,0,0,205,243,128,388,"[129, 167]","[146, 203]","[330, 180]","[361, 265]"
216,1,960,344,0,0,0,217,240,130,387,"[131, 164]","[146, 201]","[329, 179]","[361, 264]"
217,1,1000,344,0,0,0,212,242,125,388,"[132, 163]","[147, 202]","[328, 176]","[361, 266]"
218,1,1041,350,0,0,0,224,239,124,387,"[133, 165]","[148, 200]","[326, 178]","[361, 266]"
219,1,1079,365,0,0,0,225,239,124,387,"[134, 164]","[149, 200]","[326, 177]","[359, 266]"
220,1,1117,386,0,0,0,219,241,130,386,"[134, 163]","[149, 201]","[325, 180]","[357, 263]"
221,1,1149,413,0,0,0,225,239,138,384,"[134, 163]","[149, 200]","[325, 182]","[355, 260]"
222,1,1181,441,0,0,0,219,241,140,383,"[134, 163]","[149, 201]","[325, 184]","[353, 259]"
223,1,1210,481,0,0,0,214,243,142,383,"[134, 163]","[149, 202]","[325, 185]","[352, 258]"
224,1,1236,523,Bot,1283,810,209,246,148,382,"[134, 163]","[149, 203]","[327, 185]","[352, 256]"
225,1,1147,502,0,0,0,204,248,146,383,"[134, 163]","[149, 204]","[328, 184]","[353, 257]"
226,1,981,428,0,0,0,208,245,138,384,"[133, 162]","[148, 203]","[328, 180]","[353, 260]"
227,1,890,403,0,0,0,212,242,144,384,"[132, 164]","[147, 202]","[331, 177]","[353, 258]"
228,1,822,386,0,0,0,96,290,151,384,"[133, 162]","[150, 231]","[335, 175]","[354, 256]"
229,1,771,381,0,0,0,206,243,151,384,"[130, 167]","[146, 203]","[335, 175]","[356, 256]"
230,1,720,377,0,0,0,205,243,158,384,"[130, 166]","[145, 203]","[335, 178]","[359, 254]"
231,1,680,382,0,0,0,205,243,153,385,"[128, 169]","[146, 203]","[336, 179]","[359, 256]"
232,1,648,392,0,0,0,200,245,150,385,"[128, 168]","[146, 204]","[335, 178]","[360, 257]"
233,1,622,407,0,0,0,197,243,144,386,"[125, 168]","[143, 204]","[336, 176]","[359, 259]"
234,1,595,426,0,0,0,195,242,137,387,"[124, 162]","[140, 204]","[337, 174]","[360, 262]"
235,1,574,449,0,0,0,201,240,143,387,"[124, 162]","[141, 203]","[339, 174]","[360, 260]"
236,1,553,475,Top,499,646,195,242,143,387,"[123, 167]","[141, 204]","[340, 173]","[360, 260]"
237,1,622,449,0,0,0,200,237,149,387,"[121, 167]","[138, 202]","[342, 173]","[361, 258]"
238,1,684,437,0,0,0,205,233,152,387,"[119, 167]","[136, 201]","[342, 175]","[362, 257]"
239,1,758,432,0,0,0,210,229,150,387,"[117, 167]","[134, 200]","[341, 176]","[363, 258]"
240,1,807,437,0,0,0,210,229,152,387,"[117, 166]","[133, 200]","[341, 176]","[362, 257]"
241,1,852,449,0,0,0,199,233,149,387,"[117, 166]","[133, 202]","[341, 176]","[361, 258]"
242,1,899,466,0,0,0,198,233,140,387,"[115, 168]","[132, 202]","[340, 173]","[360, 261]"
243,1,939,491,0,0,0,197,232,148,386,"[114, 168]","[131, 202]","[338, 176]","[360, 258]"
244,1,979,521,0,0,0,186,236,149,385,"[112, 169]","[131, 204]","[331, 177]","[361, 257]"
245,1,1017,555,0,0,0,185,235,135,386,"[111, 169]","[130, 204]","[326, 179]","[362, 262]"
246,1,1053,597,0,0,0,190,233,142,385,"[111, 169]","[130, 203]","[321, 183]","[366, 259]"
247,1,1081,641,Bot,1291,813,180,237,147,383,"[110, 169]","[130, 205]","[314, 183]","[369, 257]"
248,1,1045,622,0,0,0,175,239,152,383,"[111, 170]","[130, 206]","[312, 187]","[371, 255]"
249,1,973,535,0,0,0,86,278,142,383,"[109, 164]","[130, 229]","[306, 185]","[370, 258]"
250,1,901,449,0,0,0,89,276,141,381,"[108, 165]","[130, 228]","[303, 184]","[366, 257]"
251,1,856,407,0,0,0,92,275,141,380,"[108, 167]","[131, 227]","[301, 184]","[363, 257]"
252,1,807,369,0,0,0,94,276,145,379,"[109, 169]","[134, 227]","[307, 181]","[350, 255]"
253,1,778,354,0,0,0,94,276,140,380,"[110, 168]","[134, 227]","[307, 179]","[352, 257]"
254,1,752,344,0,0,0,176,240,138,379,"[113, 171]","[130, 206]","[309, 177]","[345, 257]"
255,1,733,342,0,0,0,178,241,144,378,"[115, 170]","[132, 206]","[312, 176]","[342, 255]"
256,1,712,348,0,0,0,190,238,144,378,"[118, 169]","[134, 204]","[314, 175]","[339, 255]"
257,1,697,361,0,0,0,144,260,144,378,"[119, 169]","[139, 216]","[315, 178]","[340, 255]"
258,1,682,377,0,0,0,99,283,136,379,"[121, 170]","[145, 228]","[313, 179]","[342, 258]"
259,1,673,396,0,0,0,208,239,124,382,"[126, 169]","[143, 202]","[316, 179]","[342, 263]"
260,1,665,422,0,0,0,194,247,124,382,"[128, 168]","[145, 205]","[318, 178]","[342, 263]"
261,1,657,449,0,0,0,108,285,128,382,"[132, 167]","[149, 227]","[321, 176]","[343, 262]"
262,1,652,481,0,0,0,110,286,129,383,"[134, 168]","[152, 227]","[321, 176]","[345, 262]"
263,1,648,515,Top,553,722,109,289,131,384,"[135, 172]","[158, 228]","[323, 178]","[350, 262]"
264,1,678,502,0,0,0,158,272,131,384,"[139, 172]","[158, 216]","[323, 179]","[353, 262]"
265,1,739,434,0,0,0,207,255,128,386,"[143, 172]","[159, 205]","[325, 178]","[356, 264]"
266,1,771,392,0,0,0,207,255,134,386,"[143, 170]","[159, 205]","[328, 181]","[359, 262]"
267,1,809,363,0,0,0,207,255,132,386,"[143, 167]","[159, 205]","[329, 178]","[359, 263]"
268,1,845,339,0,0,0,218,252,135,386,"[144, 167]","[160, 203]","[330, 179]","[360, 262]"
269,1,877,327,0,0,0,223,250,135,386,"[144, 166]","[160, 202]","[328, 180]","[361, 262]"
270,1,907,318,0,0,0,218,252,132,386,"[144, 166]","[160, 203]","[326, 179]","[361, 263]"
271,1,939,318,0,0,0,223,249,122,388,"[143, 166]","[160, 202]","[325, 174]","[361, 267]"
272,1,968,327,0,0,0,222,249,128,386,"[143, 166]","[159, 202]","[321, 178]","[362, 264]"
273,1,996,339,0,0,0,211,253,132,385,"[143, 167]","[158, 204]","[320, 180]","[360, 262]"
274,1,1022,361,0,0,0,211,252,134,384,"[142, 166]","[157, 204]","[314, 180]","[363, 261]"
275,1,1047,386,0,0,0,206,254,128,384,"[143, 165]","[157, 205]","[308, 177]","[366, 263]"
276,1,1075,420,0,0,0,205,254,122,383,"[142, 166]","[156, 205]","[306, 178]","[354, 264]"
277,1,1096,460,0,0,0,204,253,126,381,"[141, 165]","[155, 205]","[300, 177]","[357, 262]"
278,1,1119,508,0,0,0,204,253,117,380,"[140, 166]","[156, 205]","[305, 173]","[337, 264]"
279,1,1138,555,Bot,1206,829,0,0,121,378,"[0, 0]","[0, 0]","[305, 171]","[333, 262]"
280,1,1103,554,0,0,0,0,0,124,377,"[0, 0]","[0, 0]","[304, 173]","[328, 260]"
281,1,1068,553,0,0,0,0,0,105,379,"[0, 0]","[0, 0]","[298, 171]","[327, 267]"
282,1,973,373,0,0,0,0,0,112,377,"[0, 0]","[0, 0]","[299, 173]","[325, 264]"
283,1,878,315,0,0,0,102,288,114,376,"[132, 164]","[151, 229]","[297, 170]","[325, 263]"
284,1,783,314,0,0,0,104,286,108,377,"[131, 164]","[149, 228]","[295, 170]","[324, 265]"
285,1,688,372,0,0,0,194,246,115,375,"[127, 168]","[145, 205]","[295, 172]","[322, 262]"
286,1,593,593,Top,516,646,199,245,123,374,"[128, 167]","[145, 204]","[296, 174]","[322, 259]"
287,1,589,563,0,0,0,192,245,113,376,"[126, 168]","[143, 205]","[295, 173]","[324, 263]"
288,1,614,263,0,0,0,195,242,113,376,"[124, 166]","[140, 204]","[295, 174]","[324, 263]"
289,1,586,268,0,0,0,194,241,104,378,"[123, 166]","[139, 204]","[295, 175]","[325, 267]"
290,1,557,276,0,0,0,189,243,108,378,"[123, 165]","[138, 205]","[300, 175]","[325, 266]"
291,1,529,293,0,0,0,211,230,108,378,"[118, 165]","[134, 200]","[301, 180]","[326, 266]"
292,1,508,312,0,0,0,209,228,114,378,"[115, 168]","[133, 200]","[302, 176]","[328, 264]"
293,1,493,337,0,0,0,196,232,109,381,"[113, 169]","[131, 202]","[306, 173]","[333, 267]"
294,1,478,367,0,0,0,184,234,110,381,"[110, 171]","[128, 204]","[308, 175]","[334, 267]"
295,1,466,394,0,0,0,193,230,119,381,"[109, 169]","[128, 202]","[310, 179]","[338, 264]"
296,1,457,428,0,0,0,189,229,112,382,"[107, 168]","[125, 202]","[310, 176]","[341, 267]"
297,1,449,462,Top,432,642,185,229,111,384,"[106, 167]","[123, 203]","[312, 177]","[345, 268]"
298,1,533,401,0,0,0,120,259,122,383,"[106, 177]","[123, 218]","[313, 181]","[348, 264]"
299,1,616,350,0,0,0,201,217,120,387,"[100, 167]","[119, 199]","[312, 176]","[368, 267]"
300,1,684,308,0,0,0,185,224,110,388,"[101, 168]","[118, 202]","[314, 179]","[365, 271]"
301,1,744,280,0,0,0,172,226,107,389,"[97, 168]","[115, 204]","[317, 179]","[366, 273]"
302,1,801,261,0,0,0,89,266,114,389,"[92, 172]","[121, 225]","[321, 181]","[365, 270]"
303,1,852,253,0,0,0,0,0,122,388,"[0, 0]","[0, 0]","[326, 181]","[362, 267]"
304,1,913,249,0,0,0,0,0,121,389,"[0, 0]","[0, 0]","[329, 179]","[363, 268]"
305,1,956,255,0,0,0,0,0,126,388,"[0, 0]","[0, 0]","[329, 182]","[363, 266]"
306,1,998,268,0,0,0,0,0,123,388,"[0, 0]","[0, 0]","[329, 180]","[363, 267]"
307,1,1039,289,0,0,0,0,0,118,389,"[0, 0]","[0, 0]","[328, 178]","[363, 269]"
308,1,1077,314,0,0,0,161,224,119,388,"[90, 169]","[108, 205]","[326, 180]","[361, 268]"
309,1,1109,346,0,0,0,157,227,128,386,"[91, 168]","[108, 206]","[324, 181]","[357, 264]"
310,1,1141,382,0,0,0,152,229,132,385,"[92, 167]","[108, 207]","[323, 183]","[356, 262]"
311,1,1170,424,0,0,0,162,225,131,384,"[93, 166]","[108, 205]","[320, 181]","[353, 262]"
312,1,1196,466,0,0,0,154,231,127,384,"[94, 166]","[110, 207]","[320, 180]","[350, 263]"
313,1,1221,517,0,0,0,160,229,114,385,"[95, 167]","[111, 206]","[321, 176]","[344, 268]"
314,1,1240,565,Bot,1255,832,156,232,126,383,"[96, 167]","[112, 207]","[321, 176]","[343, 263]"
315,1,0,0,0,0,0,156,232,121,382,"[95, 167]","[113, 207]","[314, 176]","[344, 264]"
316,1,0,0,0,0,0,161,230,125,380,"[96, 167]","[113, 206]","[310, 176]","[341, 262]"
317,1,0,0,0,0,0,156,232,123,380,"[96, 167]","[113, 207]","[308, 177]","[339, 262]"
318,1,0,0,0,0,0,156,232,133,378,"[96, 168]","[113, 207]","[306, 173]","[337, 258]"
319,1,0,0,0,0,0,156,232,132,377,"[96, 169]","[113, 207]","[307, 172]","[335, 258]"
320,1,0,0,0,0,0,154,235,137,378,"[98, 167]","[115, 208]","[311, 172]","[336, 257]"
321,1,0,0,0,0,0,150,238,134,378,"[99, 166]","[115, 209]","[310, 174]","[336, 258]"
322,1,0,0,0,0,0,160,234,137,378,"[101, 166]","[116, 207]","[310, 174]","[338, 257]"
323,1,0,0,0,0,0,165,233,132,379,"[102, 166]","[116, 206]","[311, 173]","[340, 259]"
324,1,0,0,0,0,0,170,231,124,382,"[102, 166]","[117, 205]","[314, 176]","[343, 263]"
325,1,0,0,0,0,0,170,231,123,383,"[102, 164]","[117, 205]","[318, 177]","[344, 264]"
326,1,0,0,0,0,0,170,230,126,383,"[101, 163]","[117, 205]","[320, 177]","[344, 263]"
327,1,0,0,0,0,0,174,228,127,384,"[100, 166]","[116, 204]","[321, 177]","[348, 263]"
328,1,0,0,0,0,0,171,226,133,383,"[96, 169]","[113, 204]","[323, 180]","[350, 261]"
329,1,451,356,0,0,0,174,222,139,383,"[94, 168]","[111, 203]","[325, 182]","[352, 259]"
330,1,438,403,0,0,0,167,223,134,386,"[93, 167]","[109, 204]","[327, 181]","[358, 262]"
331,1,432,437,0,0,0,181,215,140,385,"[91, 166]","[108, 201]","[328, 184]","[361, 260]"
332,1,427,472,Top,374,637,178,216,136,387,"[90, 167]","[107, 201]","[331, 181]","[364, 262]"
333,1,512,430,0,0,0,175,217,138,388,"[90, 168]","[107, 202]","[333, 182]","[367, 262]"
334,1,612,380,0,0,0,169,219,132,390,"[89, 170]","[107, 203]","[337, 180]","[371, 265]"
335,1,601,405,Top,0,0,0,0,123,392,"[0, 0]","[0, 0]","[336, 179]","[375, 269]"
336,1,765,304,0,0,0,0,0,125,393,"[0, 0]","[0, 0]","[339, 175]","[380, 269]"
337,1,826,287,0,0,0,0,0,121,394,"[0, 0]","[0, 0]","[342, 176]","[379, 271]"
338,1,888,272,0,0,0,0,0,131,393,"[0, 0]","[0, 0]","[345, 177]","[379, 267]"
339,1,943,270,0,0,0,0,0,129,393,"[0, 0]","[0, 0]","[344, 176]","[378, 268]"
340,1,990,272,0,0,0,178,213,128,393,"[87, 165]","[105, 201]","[344, 176]","[377, 268]"
341,1,1036,285,0,0,0,176,215,125,393,"[88, 165]","[106, 201]","[342, 174]","[376, 269]"
342,1,1077,301,0,0,0,174,217,132,391,"[89, 165]","[107, 202]","[340, 177]","[375, 266]"
343,1,1126,331,0,0,0,165,222,139,389,"[89, 166]","[107, 204]","[335, 178]","[371, 262]"
344,1,1164,363,0,0,0,160,224,144,388,"[89, 167]","[107, 205]","[335, 181]","[370, 260]"
345,1,1198,401,0,0,0,156,226,143,387,"[89, 168]","[108, 206]","[334, 181]","[366, 260]"
346,1,1230,441,0,0,0,156,226,147,385,"[89, 168]","[108, 206]","[331, 183]","[362, 258]"
347,1,1261,487,Bot,1302,826,161,224,137,386,"[90, 169]","[108, 205]","[330, 180]","[359, 261]"
348,1,1187,485,0,0,0,157,227,136,385,"[91, 167]","[108, 206]","[327, 181]","[358, 261]"
349,1,1045,402,0,0,0,166,222,136,385,"[91, 168]","[108, 204]","[328, 181]","[357, 261]"
350,1,904,349,0,0,0,153,230,134,386,"[92, 167]","[109, 207]","[329, 180]","[356, 262]"
351,1,763,287,0,0,0,157,228,133,385,"[92, 168]","[109, 206]","[327, 181]","[356, 262]"
352,1,690,263,0,0,0,157,227,131,386,"[92, 169]","[108, 206]","[327, 179]","[356, 263]"
353,1,636,255,0,0,0,120,244,137,385,"[90, 167]","[109, 215]","[327, 179]","[359, 261]"
354,1,582,247,0,0,0,83,262,139,385,"[88, 166]","[110, 225]","[327, 178]","[358, 260]"
355,1,540,249,0,0,0,110,246,136,385,"[87, 165]","[107, 217]","[327, 179]","[358, 261]"
356,1,497,263,0,0,0,137,231,131,386,"[86, 164]","[104, 210]","[326, 179]","[358, 263]"
357,1,470,274,0,0,0,165,216,134,386,"[86, 164]","[101, 203]","[327, 179]","[358, 262]"
358,1,446,291,0,0,0,160,219,137,386,"[86, 163]","[101, 204]","[329, 182]","[359, 261]"
359,1,425,314,0,0,0,164,215,143,385,"[84, 165]","[100, 203]","[331, 183]","[360, 259]"
360,1,408,342,0,0,0,173,210,141,386,"[83, 165]","[99, 201]","[331, 182]","[361, 260]"
361,1,395,371,0,0,0,166,211,142,386,"[81, 165]","[98, 202]","[333, 181]","[362, 260]"
362,1,383,403,0,0,0,161,213,137,387,"[79, 167]","[98, 203]","[335, 181]","[361, 262]"
363,1,372,432,0,0,0,165,210,132,388,"[80, 164]","[96, 202]","[336, 177]","[362, 264]"
364,1,366,468,Top,328,642,159,212,135,388,"[78, 167]","[96, 203]","[336, 177]","[363, 263]"
365,1,468,369,0,0,0,159,212,139,388,"[77, 168]","[97, 203]","[337, 176]","[367, 262]"
366,1,570,272,0,0,0,105,241,144,388,"[75, 166]","[100, 216]","[338, 174]","[367, 260]"
367,1,639,213,0,0,0,139,221,147,388,"[73, 167]","[97, 207]","[338, 178]","[368, 259]"
368,1,701,162,0,0,0,157,211,145,388,"[74, 166]","[95, 203]","[338, 179]","[370, 260]"
369,1,758,130,0,0,0,156,210,144,388,"[74, 166]","[93, 203]","[336, 179]","[369, 260]"
370,1,816,99,0,0,0,147,215,143,389,"[74, 168]","[93, 205]","[338, 178]","[370, 261]"
371,1,862,80,0,0,0,146,215,147,388,"[74, 166]","[92, 205]","[337, 181]","[368, 259]"
372,1,903,80,0,0,0,146,215,144,388,"[74, 167]","[92, 205]","[336, 181]","[367, 260]"
373,1,947,82,0,0,0,150,212,136,387,"[73, 167]","[92, 204]","[330, 180]","[364, 262]"
374,1,988,86,0,0,0,155,210,146,385,"[73, 166]","[93, 203]","[329, 181]","[363, 258]"
375,1,1022,103,0,0,0,138,220,147,384,"[73, 165]","[96, 207]","[329, 179]","[357, 257]"
376,1,1056,128,0,0,0,161,208,151,382,"[74, 166]","[94, 202]","[326, 176]","[354, 255]"
377,1,1087,156,0,0,0,156,210,148,383,"[74, 166]","[94, 203]","[325, 176]","[355, 256]"
378,1,1117,192,0,0,0,159,212,150,381,"[77, 166]","[96, 203]","[307, 170]","[368, 255]"
379,1,1143,232,0,0,0,160,213,149,381,"[77, 167]","[98, 203]","[305, 170]","[368, 255]"
380,1,1168,280,0,0,0,86,253,143,379,"[79, 163]","[103, 222]","[313, 172]","[347, 256]"
381,1,1191,327,0,0,0,94,251,145,381,"[82, 164]","[103, 220]","[303, 168]","[366, 256]"
382,1,1215,390,0,0,0,110,244,141,378,"[86, 157]","[102, 216]","[310, 168]","[344, 256]"
383,1,1232,443,Bot,1232,807,0,0,143,378,"[0, 0]","[0, 0]","[310, 168]","[342, 255]"
384,1,1128,326,0,0,0,0,0,143,378,"[0, 0]","[0, 0]","[310, 167]","[341, 255]"
385,1,1025,261,0,0,0,0,0,146,377,"[0, 0]","[0, 0]","[310, 167]","[340, 254]"
386,1,921,210,0,0,0,0,0,148,376,"[0, 0]","[0, 0]","[310, 168]","[339, 253]"
387,1,818,192,0,0,0,185,212,146,377,"[90, 164]","[107, 200]","[314, 171]","[339, 254]"
388,1,752,158,0,0,0,174,217,144,378,"[89, 165]","[107, 202]","[314, 174]","[341, 255]"
389,1,699,137,0,0,0,160,224,142,379,"[90, 166]","[107, 205]","[315, 171]","[342, 256]"
390,1,654,124,0,0,0,166,222,140,380,"[91, 167]","[108, 204]","[317, 172]","[343, 257]"
391,1,620,120,0,0,0,171,220,141,380,"[92, 167]","[108, 203]","[319, 176]","[344, 257]"
392,1,587,120,0,0,0,172,221,139,381,"[92, 166]","[109, 203]","[322, 175]","[345, 258]"
393,1,559,130,0,0,0,108,252,149,381,"[90, 160]","[112, 218]","[321, 178]","[350, 255]"
394,1,536,145,0,0,0,179,220,156,381,"[94, 164]","[112, 202]","[323, 176]","[353, 253]"
395,1,514,164,0,0,0,184,217,161,382,"[94, 162]","[111, 201]","[329, 173]","[355, 252]"
396,1,503,184,0,0,0,178,219,162,382,"[94, 162]","[110, 202]","[333, 169]","[356, 252]"
397,1,492,210,0,0,0,172,221,161,384,"[93, 163]","[108, 203]","[335, 171]","[360, 253]"
398,1,481,242,0,0,0,166,223,163,385,"[92, 163]","[108, 204]","[339, 173]","[364, 253]"
399,1,470,279,0,0,0,176,218,159,386,"[92, 166]","[108, 202]","[338, 174]","[369, 255]"
400,1,459,310,0,0,0,172,221,144,390,"[93, 166]","[108, 203]","[340, 169]","[374, 261]"
401,1,453,344,0,0,0,172,221,137,391,"[93, 166]","[108, 203]","[341, 170]","[377, 264]"
402,1,448,384,0,0,0,171,220,146,391,"[92, 164]","[108, 203]","[342, 168]","[380, 261]"
403,1,448,422,0,0,0,163,226,139,392,"[93, 163]","[109, 205]","[345, 168]","[380, 264]"
404,1,444,462,Top,381,677,124,244,137,393,"[91, 158]","[111, 214]","[347, 166]","[380, 265]"
405,1,531,430,0,0,0,144,234,141,393,"[91, 158]","[111, 209]","[348, 164]","[383, 264]"
406,1,618,399,0,0,0,140,236,146,393,"[92, 158]","[109, 210]","[349, 166]","[383, 262]"
407,1,699,371,0,0,0,157,228,149,392,"[92, 158]","[109, 206]","[349, 167]","[383, 261]"
408,1,784,350,0,0,0,171,220,152,392,"[92, 159]","[107, 203]","[348, 167]","[384, 260]"
409,1,841,344,0,0,0,161,225,149,392,"[91, 158]","[108, 205]","[348, 163]","[383, 261]"
410,1,896,344,0,0,0,157,227,148,392,"[91, 159]","[108, 206]","[347, 165]","[380, 261]"
411,1,943,348,0,0,0,148,232,156,390,"[90, 161]","[110, 208]","[346, 170]","[380, 258]"
412,1,986,363,0,0,0,170,220,158,390,"[90, 164]","[108, 203]","[345, 166]","[379, 257]"
413,1,1030,382,0,0,0,165,222,162,388,"[91, 164]","[107, 204]","[345, 169]","[374, 255]"
414,1,1073,411,0,0,0,165,222,163,387,"[90, 163]","[107, 204]","[343, 169]","[368, 254]"
415,1,1109,443,0,0,0,170,220,196,382,"[90, 164]","[107, 203]","[343, 171]","[367, 243]"
416,1,1143,481,0,0,0,151,229,172,384,"[90, 163]","[107, 207]","[340, 173]","[364, 250]"
417,1,1177,521,Bot,1329,794,151,229,169,384,"[90, 166]","[107, 207]","[339, 174]","[364, 251]"
418,1,1099,457,0,0,0,157,227,164,383,"[91, 169]","[108, 206]","[333, 176]","[362, 252]"
419,1,1021,418,0,0,0,165,222,163,383,"[91, 168]","[107, 204]","[329, 170]","[363, 252]"
420,1,943,405,0,0,0,165,222,162,382,"[91, 168]","[107, 204]","[329, 170]","[360, 252]"
421,1,869,369,0,0,0,165,222,167,381,"[91, 167]","[107, 204]","[328, 173]","[356, 250]"
422,1,826,358,0,0,0,161,225,172,380,"[91, 167]","[108, 205]","[327, 174]","[355, 248]"
423,1,784,348,0,0,0,119,246,175,379,"[91, 177]","[110, 215]","[329, 175]","[351, 247]"
424,1,756,350,0,0,0,158,228,184,377,"[93, 171]","[110, 206]","[327, 168]","[351, 244]"
425,1,729,358,0,0,0,161,230,166,379,"[96, 171]","[114, 206]","[325, 169]","[350, 249]"
426,1,710,367,0,0,0,155,236,149,381,"[100, 170]","[116, 208]","[324, 170]","[349, 255]"
427,1,693,384,0,0,0,170,233,151,380,"[103, 169]","[120, 205]","[321, 170]","[347, 254]"
428,1,678,403,0,0,0,185,230,158,380,"[107, 169]","[124, 203]","[323, 171]","[350, 252]"
429,1,667,424,0,0,0,191,234,168,379,"[114, 168]","[130, 203]","[326, 174]","[351, 249]"
430,1,656,449,0,0,0,202,233,168,379,"[118, 166]","[133, 201]","[327, 173]","[351, 249]"
431,1,648,475,0,0,0,214,232,158,380,"[123, 164]","[137, 200]","[322, 172]","[351, 252]"
432,1,644,504,0,0,0,207,239,168,379,"[126, 163]","[141, 202]","[326, 174]","[351, 249]"
433,1,639,534,Top,525,633,222,238,171,379,"[130, 166]","[148, 200]","[326, 174]","[351, 248]"
434,1,708,483,0,0,0,218,246,175,379,"[137, 169]","[155, 202]","[327, 177]","[354, 247]"
435,1,778,415,0,0,0,220,247,164,381,"[141, 166]","[155, 202]","[327, 175]","[357, 251]"
436,1,839,367,0,0,0,234,246,164,381,"[144, 168]","[160, 200]","[327, 175]","[358, 251]"
437,1,896,325,0,0,0,0,0,159,383,"[0, 0]","[0, 0]","[328, 172]","[360, 253]"
438,1,941,293,0,0,0,0,0,166,382,"[0, 0]","[0, 0]","[329, 172]","[362, 251]"
439,1,988,272,0,0,0,0,0,163,383,"[0, 0]","[0, 0]","[329, 172]","[362, 252]"
440,1,1032,261,0,0,0,0,0,163,383,"[0, 0]","[0, 0]","[330, 173]","[362, 252]"
441,1,1068,251,0,0,0,0,0,164,383,"[0, 0]","[0, 0]","[331, 174]","[363, 252]"
442,1,1111,257,0,0,0,0,0,169,384,"[0, 0]","[0, 0]","[336, 172]","[367, 251]"
443,1,1143,266,0,0,0,0,0,162,386,"[0, 0]","[0, 0]","[339, 168]","[368, 254]"
444,1,1177,280,0,0,0,0,0,171,385,"[0, 0]","[0, 0]","[340, 167]","[368, 251]"
445,1,1211,306,0,0,0,0,0,172,386,"[0, 0]","[0, 0]","[341, 164]","[371, 251]"
446,1,1242,335,0,0,0,0,0,175,386,"[0, 0]","[0, 0]","[343, 165]","[371, 250]"
447,1,1276,380,0,0,0,0,0,170,387,"[0, 0]","[0, 0]","[346, 170]","[369, 252]"
448,1,1298,420,0,0,0,0,0,171,387,"[0, 0]","[0, 0]","[347, 172]","[373, 252]"
449,1,1323,470,Bot,1370,813,0,0,158,390,"[0, 0]","[0, 0]","[350, 172]","[375, 257]"
450,1,1207,402,0,0,0,0,0,148,392,"[0, 0]","[0, 0]","[352, 170]","[376, 261]"
451,1,1091,381,0,0,0,0,0,146,392,"[0, 0]","[0, 0]","[355, 168]","[376, 262]"
452,1,975,388,0,0,0,0,0,143,393,"[0, 0]","[0, 0]","[354, 167]","[376, 263]"
453,1,882,369,0,0,0,0,0,152,392,"[0, 0]","[0, 0]","[355, 169]","[377, 260]"
454,1,821,364,0,0,0,0,0,147,393,"[0, 0]","[0, 0]","[356, 167]","[377, 262]"
455,1,760,361,0,0,0,0,0,145,394,"[0, 0]","[0, 0]","[356, 168]","[380, 263]"
456,1,716,361,0,0,0,0,0,143,394,"[0, 0]","[0, 0]","[356, 168]","[384, 264]"
457,1,680,371,0,0,0,0,0,149,394,"[0, 0]","[0, 0]","[357, 168]","[385, 262]"
458,1,644,386,0,0,0,0,0,154,393,"[0, 0]","[0, 0]","[358, 166]","[384, 260]"
459,1,618,405,0,0,0,241,244,149,394,"[145, 161]","[161, 199]","[357, 167]","[385, 262]"
460,1,591,430,0,0,0,241,244,146,394,"[144, 163]","[162, 199]","[356, 169]","[386, 263]"
461,1,572,456,0,0,0,234,246,140,396,"[143, 163]","[161, 200]","[357, 170]","[390, 266]"
462,1,557,483,0,0,0,234,246,139,397,"[143, 164]","[161, 200]","[360, 170]","[394, 267]"
463,1,546,515,0,0,0,239,243,130,399,"[143, 165]","[160, 199]","[360, 170]","[396, 271]"
464,1,535,551,0,0,0,221,249,125,399,"[142, 163]","[158, 202]","[358, 168]","[396, 273]"
465,1,525,582,0,0,0,239,243,136,399,"[144, 164]","[159, 199]","[362, 171]","[400, 269]"
466,1,523,618,0,0,0,0,0,146,399,"[0, 0]","[0, 0]","[361, 173]","[408, 266]"
467,1,516,652,0,0,0,0,0,139,401,"[0, 0]","[0, 0]","[365, 172]","[408, 269]"
468,1,510,673,Top,0,0,0,0,139,401,"[0, 0]","[0, 0]","[369, 172]","[404, 269]"
469,1,508,667,0,0,0,0,0,137,401,"[0, 0]","[0, 0]","[372, 173]","[403, 270]"
470,1,501,662,0,0,0,0,0,140,401,"[0, 0]","[0, 0]","[373, 174]","[403, 269]"
471,1,493,673,0,0,0,0,0,148,400,"[0, 0]","[0, 0]","[374, 178]","[404, 266]"
472,1,493,681,0,0,0,0,0,146,401,"[0, 0]","[0, 0]","[374, 177]","[405, 267]"
473,1,491,688,0,0,0,0,0,150,400,"[0, 0]","[0, 0]","[373, 178]","[404, 265]"
